â„–,Name,Price,Colors,Link
1,Chelsea Boots,$209.95,"Stout Brown, Black, Stout Brown / Olive, Black / Grey, Stout Brown / Burgundy Tartan, Black / Plaid, Black / Rainbow",https://www.blundstone.com/stout-brown-premium-leather-v-cut-boots-mens-style-500
2,Chelsea Boots,$209.95,"Stout Brown, Black, Stout Brown / Olive, Black / Grey, Stout Brown / Burgundy Tartan, Black / Plaid, Black / Rainbow",https://www.blundstone.com/black-premium-leather-v-cut-boots-mens-style-510
3,Suede Boots,$209.95,"Dark Olive, Steel Grey, Tobacco, Steel Grey / Blue",https://www.blundstone.com/steel-grey-suede-leather-pull-on-boots-mens-style-1910
4,Suede Boots,$209.95,"Dark Olive, Steel Grey, Tobacco, Steel Grey / Blue",https://www.blundstone.com/dark-olive-suede-leather-pull-on-boots-mens-style-1615
5,Chelsea Boots,$161.21,"Stout Brown, Black, Stout Brown / Olive, Black / Grey, Stout Brown / Burgundy Tartan, Black / Plaid, Black / Rainbow",https://www.blundstone.com/black-premium-leather-chelsea-boots-mens-style-1914
6,Suede Boots,$209.95,"Dark Olive, Steel Grey, Tobacco, Steel Grey / Blue",https://www.blundstone.com/tobacco-suede-leather-pull-on-boots-mens-style-1911
7,Chelsea Boots,$214.95,"Stout Brown, Black, Stout Brown / Olive, Black / Grey, Stout Brown / Burgundy Tartan, Black / Plaid, Black / Rainbow",https://www.blundstone.com/stout-brown-premium-leather-v-cut-boots-mens-style-519
8,Suede Boots,$209.95,"Dark Olive, Steel Grey, Tobacco, Steel Grey / Blue",https://www.blundstone.com/steel-grey-suede-leather-chelsea-boots-mens-style-2209
9,Chelsea Boots,$161.21,"Stout Brown, Black, Stout Brown / Olive, Black / Grey, Stout Brown / Burgundy Tartan, Black / Plaid, Black / Rainbow",https://www.blundstone.com/black-premium-leather-v-cut-boots-mens-style-2102
10,Chelsea Boots,$161.21,"Stout Brown, Black, Stout Brown / Olive, Black / Grey, Stout Brown / Burgundy Tartan, Black / Plaid, Black / Rainbow",https://www.blundstone.com/stout-brown-premium-leather-v-cut-boots-mens-style-2100
11,Chelsea Boots,$214.95,"Stout Brown, Black, Stout Brown / Olive, Black / Grey, Stout Brown / Burgundy Tartan, Black / Plaid, Black / Rainbow",https://www.blundstone.com/rainbow-elastic-sided-boot-2105-male
12,Lace Up Boots,$249.95,"Rustic Brown, Rustic Black, Antique Brown",https://www.blundstone.com/antique-brown-premium-leather-lace-up-boots-mens-style-1935
13,Lace Up Boots,$249.95,"Rustic Brown, Rustic Black, Antique Brown",https://www.blundstone.com/rustic-brown-premium-leather-lace-up-boots-mens-style-1930
14,Lace Up Boots,$249.95,"Rustic Brown, Rustic Black, Antique Brown",https://www.blundstone.com/rustic-black-premium-leather-lace-up-boots-mens-style-1931
15,Low-Cut Shoe,$199.95,"Rustic Black, Rustic Brown, Stout Brown, Black",https://www.blundstone.com/rustic-black-premium-leather-low-cut-v-cut-boots-mens-style-2035
16,Low-Cut Shoe,$199.95,"Rustic Black, Rustic Brown, Stout Brown, Black",https://www.blundstone.com/rustic-brown-premium-leather-low-cut-v-cut-boots-mens-style-2036
17,Low-Cut Shoe,$199.95,"Rustic Black, Rustic Brown, Stout Brown, Black",https://www.blundstone.com/stout-brown-premium-leather-low-cut-v-cut-boots-mens-style-2038
18,Low-Cut Shoe,$199.95,"Rustic Black, Rustic Brown, Stout Brown, Black",https://www.blundstone.com/black-premium-leather-low-cut-v-cut-boots-mens-style-2039
19,Chelsea Boots,$219.95,,https://www.blundstone.com/rustic-brown-premium-leather-chelsea-boots-mens-style-585
20,Chelsea Boots,$219.95,,https://www.blundstone.com/rustic-black-leather-chelsea-boots-mens-style-587
21,Chelsea Boots,$219.95,,https://www.blundstone.com/walnut-brown-premium-leather-chelsea-boots-mens-style-550
22,Chelsea Boots,$229.95,,https://www.blundstone.com/antique-brown-premium-leather-pull-on-boots-mens-style-1609
23,Chelsea Boots,$219.95,,https://www.blundstone.com/black-premium-leather-chelsea-boots-mens-style-558
24,Chelsea Boots,$229.95,,https://www.blundstone.com/rustic-brown-premium-leather-pull-on-boots-mens-style-1944
25,Chelsea Boots,$229.95,,https://www.blundstone.com/navy-premium-leather-chelsea-boots-mens-style-2246
26,Chelsea Boots,$229.95,,https://www.blundstone.com/redwood-leather-pull-on-boots-mens-style-1440
27,Chelsea Boots,$229.95,,https://www.blundstone.com/dark-green-premium-leather-pull-on-boots-mens-style-2052
28,Chelsea Boots,$229.95,,https://www.blundstone.com/black-and-red-heritage-voltan-leather-chelsea-boots-mens-style-1316
29,Chelsea Boots,$229.95,,https://www.blundstone.com/stone-nubuck-premium-leather-pull-on-boots-mens-style-1941
30,Chelsea Boots,$229.95,,https://www.blundstone.com/auburn-premium-leather-chelsea-boots-mens-style-2130
31,Chelsea Boot,$229.95,,https://www.blundstone.com/blueberry-premium-leather-chelsea-boots-mens-style-1604
32,Chelsea Boots,$229.95,,https://www.blundstone.com/crazy-horse-premium-leather-pull-on-boots-mens-style-562
33,Chelsea Boots,$229.95,,https://www.blundstone.com/steel-grey-premium-leather-chelsea-boots-mens-style-1469
34,Chelsea Boots,$234.95,"Rustic Black, Rustic Brown, Black",https://www.blundstone.com/rustic-black-premium-leather-chelsea-boots-mens-style-2238
35,Chelsea Boots,$234.95,"Rustic Black, Rustic Brown, Black",https://www.blundstone.com/rustic-brown-premium-leather-chelsea-boots-mens-style-2239
36,Chelsea Boots,$234.95,"Rustic Black, Rustic Brown, Black",https://www.blundstone.com/black-premium-leather-chelsea-boots-mens-style-2240
37,Chelsea Boots,$214.95,"Stout Brown, Black, Rustic Brown, Rustic Black, Redwood",https://www.blundstone.com/rustic-brown-leather-chelsea-boots-mens-style-1306
38,Chelsea Boots,$214.95,"Stout Brown, Black, Rustic Brown, Rustic Black, Redwood",https://www.blundstone.com/black-full-grain-leather-chelsea-boots-mens-style-063
39,Chelsea Boots,$214.95,"Stout Brown, Black, Rustic Brown, Rustic Black, Redwood",https://www.blundstone.com/stout-brown-premium-leather-chelsea-boots-mens-style-062
40,Chelsea Boots,$214.95,"Stout Brown, Black, Rustic Brown, Rustic Black, Redwood",https://www.blundstone.com/rustic-black-premium-leather-chelsea-boots-mens-style-1308
41,Ankle Boots,$244.95,"Chestnut Brown, Black, Tan",https://www.blundstone.com/chestnut-brown-leather-chelsea-boots-mens-style-1900
42,Ankle Boots,$244.95,"Chestnut Brown, Black, Tan",https://www.blundstone.com/black-leather-chelsea-boots-mens-style-1901
43,Chelsea Boots,$364.95,,https://www.blundstone.com/black-premium-leather-heritage-chelsea-boots-mens-style-152
44,Lace Up Boots,$369.95,,https://www.blundstone.com/black-premium-leather-heritage-laceup-boots-mens-style-151
45,Chelsea Boots,$249.95,"Black, Rustic Brown, Antique Brown",https://www.blundstone.com/rustic-brown-premium-waterproof-leather-chelsea-boots-mens-style-584
46,Chelsea Boots,$249.95,"Black, Rustic Brown, Antique Brown",https://www.blundstone.com/antique-brown-premium-waterproof-leather-chelsea-boots-mens-style-1477
47,Chelsea Boots,$249.95,"Black, Rustic Brown, Antique Brown",https://www.blundstone.com/black-premium-waterproof-leather-chelsea-boots-mens-style-566
48,Chelsea Boots,$229.95,"Dusty Grey, Brown , Rustic Black, Rustic Brown, Dark Grey, Sand / Navy, Navy / Orange",https://www.blundstone.com/dusty-grey-premium-leather-chelsea-boots-mens-style-2141
49,Chelsea Boots,$229.95,"Dusty Grey, Brown , Rustic Black, Rustic Brown, Dark Grey, Sand / Navy, Navy / Orange",https://www.blundstone.com/navy-suede-leather-chelsea-boots-mens-style-2147
50,Chelsea Boots,$172.46,"Dusty Grey, Brown , Rustic Black, Rustic Brown, Dark Grey, Sand / Navy, Navy / Orange",https://www.blundstone.com/brown-suede-leather-chelsea-boots-mens-style-2142
51,Chelsea Boots,$229.95,"Dusty Grey, Brown , Rustic Black, Rustic Brown, Dark Grey, Sand / Navy, Navy / Orange",https://www.blundstone.com/rustic-black-premium-leather-chelsea-boots-mens-style-2143
52,Chelsea Boots,$229.95,"Dusty Grey, Brown , Rustic Black, Rustic Brown, Dark Grey, Sand / Navy, Navy / Orange",https://www.blundstone.com/rustic-brown-premium-leather-chelsea-boots-mens-style-2144
53,Chelsea Boots,$172.46,"Dusty Grey, Brown , Rustic Black, Rustic Brown, Dark Grey, Sand / Navy, Navy / Orange",https://www.blundstone.com/dark-grey-suede-leather-chelsea-boots-mens-2145
54,Chelsea Boots,$229.95,"Dusty Grey, Brown , Rustic Black, Rustic Brown, Dark Grey, Sand / Navy, Navy / Orange",https://www.blundstone.com/rustic-suede-leather-chelsea-boots-mens-style-2146
55,Chelsea Boots,$244.95,"Rustic Black, Rustic Brown, Cocoa Brown, Black",https://www.blundstone.com/rustic-black-premium-leather-chelsea-boots-mens-style-2055
56,Chelsea Boots,$244.95,"Rustic Black, Rustic Brown, Cocoa Brown, Black",https://www.blundstone.com/rustic-brown-premium-leather-chelsea-boots-mens-style-2056
57,Chelsea Boots,$244.95,"Rustic Black, Rustic Brown, Cocoa Brown, Black",https://www.blundstone.com/cocoa-brown-premium-leather-chelsea-boots-mens-style-2057
58,Chelsea Boots,$244.95,"Rustic Black, Rustic Brown, Cocoa Brown, Black",https://www.blundstone.com/black-premium-leather-chelsea-boots-mens-style-2058
59,Chelsea Boots,$279.95,"Black, Rustic Brown, Antique Brown",https://www.blundstone.com/black-premium-waterproof-leather-chelsea-boots-mens-style-2241
60,Chelsea Boots,$279.95,"Black, Rustic Brown, Antique Brown",https://www.blundstone.com/rustic-brown-premium-waterproof-leather-chelsea-boots-mens-style-2242
61,Chelsea Boots,$279.95,"Black, Rustic Brown, Antique Brown",https://www.blundstone.com/antique-brown-premium-waterproof-leather-chelsea-boots-mens-style-2250
62,Vegan Boots,$209.95,"Black, Brown , Steel Grey",https://www.blundstone.com/steel-grey-vegan-chelsea-boots-mens-style-2210
63,Vegan Boots,$209.95,"Black, Brown , Steel Grey",https://www.blundstone.com/brown-vegan-chelsea-boots-mens-style-2116
64,Vegan Boots,$209.95,"Black, Brown , Steel Grey",https://www.blundstone.com/black-vegan-chelsea-boots-mens-style-2115
